date,net_return,equity,drawdown
2023-01-05,0.021772589559884,10217.72589559884,0.0
2023-01-06,0.1083800343994623,11325.12337964812,0.0
2023-01-09,0.0285172381974811,11648.084620681408,0.0
2023-01-10,0.0033420575805175,11687.013190186464,0.0
2023-01-11,0.0028212634503086,11719.985333343213,0.0
2023-01-12,-0.0445052555877591,11198.384390597985,-0.044505255587759085
2023-01-13,-0.0106845183075141,11078.73504756206,-0.05471425667716523
2023-01-17,0.0252979821755892,11359.004689323361,-0.030800434791745546
2023-01-18,-0.0158506875169374,11178.956655489472,-0.046162914241413056
2023-01-19,-0.0052970920614211,11119.740692934707,-0.05121547709627394
2023-01-20,-0.0157787321827388,10944.285282599389,-0.06618609398229935
2023-01-23,0.0351393529349813,11328.860385765769,-0.03337247756314998
2023-01-24,0.0087305054717657,11427.767063352567,-0.02493333068935577
2023-01-25,-0.0021879789746958,11402.76334929023,-0.027066756060734165
2023-01-26,0.0049583624140308,11459.302382497439,-0.022242600432624604
2023-01-27,0.0583062369453469,12127.451182439712,0.0
2023-01-30,-0.0263581680192516,11807.793786527694,-0.026358168019251615
2023-01-31,-0.0209548844845892,11560.362831713155,-0.046760720137772105
2023-02-01,0.0066563728627894,11637.31291715017,-0.04041560406355227
2023-02-02,0.0240060873305841,11916.67926733261,-0.017379737253636174
2023-02-03,-0.0224619311417842,11649.007638191059,-0.03945128593396685
2023-02-06,-0.0051427065844987,11589.100209907258,-0.04439110613052599
2023-02-07,0.0255749748478355,11885.49115628468,-0.019951432705446415
2023-02-08,0.0017141593810213,11905.86478244827,-0.018271473259962034
2023-02-09,0.0041649244641748,11955.451809947846,-0.014182648101764173
2023-02-10,0.0549387296850458,12612.269145197164,0.0
2023-02-13,-0.0027871086185495,12577.117381163118,-0.002787108618549583
2023-02-14,0.08811824403359,13685.390879795556,0.0
2023-02-15,0.0173020430380414,13922.1761017902,0.0
2023-02-16,0.0420015063740743,14506.928470070528,0.0
2023-02-17,0.0346012225622162,15008.885930757588,0.0
2023-02-21,0.0438182296090028,15666.548740646855,0.0
2023-02-22,0.0820596346786305,16952.140006979294,0.0
2023-02-23,0.0076499623152715,17081.82323919589,0.0
2023-02-24,0.0192213363918858,17410.158709863208,0.0
2023-02-27,0.0027867295525337,17458.676113654285,0.0
2023-02-28,-0.0041030335620274,17387.042579611396,-0.004103033562027347
2023-03-01,-0.000350727412759,17380.944467151916,-0.0044523219284408055
2023-03-02,-0.0450738051164906,16597.519163498968,-0.04932544395401284
2023-03-03,0.039189705193543,17247.971046460672,-0.012068788367568195
2023-03-06,-0.0024195031863415,17206.239525555833,-0.014459091081999165
2023-03-07,0.0511811090177737,18086.873946499232,0.0
2023-03-08,0.0607715907575085,19186.042048058527,0.0
2023-03-09,-0.0523097363581933,18182.425246767376,-0.05230973635819325
2023-03-10,-0.0015506469888308,18154.230723808836,-0.053779269411853625
2023-03-13,0.0169572598478798,18462.076731530822,-0.03773395860981987
2023-03-14,0.015523897295883,18748.68011457982,-0.022795839411962726
2023-03-15,-0.0002200093448034,18744.555229751884,-0.023010833459072844
2023-03-16,0.1338851176199914,21254.17221142164,0.0
2023-03-17,-0.0615847516467295,19945.239294324416,-0.06158475164672961
2023-03-20,-0.0332752676045411,19281.556119369165,-0.0928107701598665
2023-03-21,0.0584669062832982,20408.889053996474,-0.03977022247758599
2023-03-22,0.0016135712262169,20441.82025013306,-0.03822082333801902
2023-03-24,0.0373257454337465,21204.826428991928,-0.002321698626455704
2023-03-27,0.0297022606486985,21834.65771059626,0.0
2023-03-28,-0.0315744253469826,21145.24094073612,-0.031574425346982626
2023-03-29,-0.0077245625470321,20981.903204517337,-0.03905508927053547
2023-03-30,-0.0072295299134314,20830.213907659556,-0.04600226924781392
2023-03-31,0.0294970652641841,21444.644086760705,-0.017862135921933087
2023-04-03,-0.0514291760580685,20341.76371052007,-0.06837267704689942
2023-04-04,0.0650637847325361,21665.275845661465,-0.007757477455329953
2023-04-05,0.0162407575285549,22017.136337460106,0.0
2023-04-06,-0.0179724187441084,21621.43514365715,-0.017972418744108376
2023-04-10,-0.0070389085762327,21469.243838394003,-0.024884821107907462
2023-04-11,0.0105686775284534,21696.145353301723,-0.014579143229096814
2023-04-12,0.0209110083914724,22149.83363084722,0.0
2023-04-13,-0.024232098910445,21613.09667145463,-0.024232098910444977
2023-04-14,-0.0302854653146089,20958.53398187,-0.05378368383400145
2023-04-17,0.0102261225960423,21172.858519801925,-0.04410755978251235
2023-04-18,0.0160471389817394,21512.622323109892,-0.028768220942748224
2023-04-20,-0.004270405474406,21420.754702972452,-0.03291577444895155
2023-04-21,0.0042068217625923,21510.86800002807,-0.028847423482643575
2023-04-24,-0.012717676233429,21237.299745303684,-0.04119822752405178
2023-04-25,0.0040293230199009,21322.87168604797,-0.037334905470692736
2023-04-26,-0.012171864391795,21063.332583441752,-0.049052334456017754
2023-04-27,0.0391332126257364,21887.60845603618,-0.011838697264337394
2023-04-28,0.0274630776824541,22488.70954734744,0.0
2023-05-01,0.0045917218295512,22591.97144589443,0.0
2023-05-02,-0.0132651595141805,22292.28534092483,-0.013265159514180391
2023-05-03,0.0340793335942807,23051.9915696371,0.0
2023-05-04,-0.0059866426595023,22913.987533519823,-0.005986642659502217
2023-05-05,0.0518490354286376,24102.055684956653,0.0
2023-05-08,0.0005944013292846,24116.381978894282,0.0
2023-05-09,0.0792190575313679,26026.859030328753,0.0
2023-05-10,0.0144029910590769,26401.72364823843,0.0
2023-05-11,-5.577311014284044e-05,26400.251141997436,-5.577311014282049e-05
2023-05-12,-0.0128203662698559,26061.790252740848,-0.01287542434829858
2023-05-16,0.0104584209989674,26334.355427190796,-0.0025516599577061205
2023-05-17,-0.0359151789978546,25388.552338230114,-0.0383751956314381
2023-05-18,0.0609893088273501,26936.982597465772,0.0
2023-05-19,0.0014019400306851,26974.746631675025,0.0
2023-05-22,0.0100011535207051,27244.52521392053,0.0
2023-05-23,-0.0323133348145901,26364.163748818573,-0.03231333481459009
2023-05-24,0.0183930368590662,26849.080784409045,-0.01451463831380817
2023-05-25,0.020352198346172,27395.518601945732,0.0
2023-05-26,0.1381577329490329,31180.421344953615,0.0
2023-05-30,-0.0603528804338134,29298.593103645708,-0.06035288043381337
2023-05-31,-0.0222389215319526,28647.023990617123,-0.08124961899357108
2023-06-01,0.0151586562567697,29081.274380070325,-0.06732259778211835
2023-06-02,0.0040246432640829,29198.31613511502,-0.06356890395771986
2023-06-05,0.0534532905827389,30759.062212012,-0.013513580470259079
2023-06-06,0.0131698351481662,31164.15399065638,-0.0005217169491478213
2023-06-07,-0.0313098326810867,30188.40954356131,-0.03181521475984983
2023-06-08,0.0012854835001872,30227.216245926455,-0.030570629193291232
2023-06-09,0.0025592718421485,30304.57590933119,-0.028089595901633846
2023-06-12,-0.0055494713194883,30136.4015344731,-0.03348318481428991
2023-06-13,0.0060802736336214,30319.639102135385,-0.02760649810646454
2023-06-14,0.0057853882893513,30495.049987134236,-0.021980824127968424
2023-06-15,0.0625418669996069,32402.26734757595,0.0
2023-06-16,0.0061092954170178,32600.222370983483,0.0
2023-06-20,0.0273788613473091,33492.77933917008,0.0
2023-06-21,0.0401670940132299,34838.08695565089,0.0
2023-06-22,0.0066756344618117,35070.653289515634,0.0
2023-06-23,0.0189833546517356,35736.41193877856,0.0
2023-06-26,-0.0272496361111225,34762.607717529674,-0.02724963611112241
2023-06-27,0.0945122691120693,38048.10065316613,0.0
2023-06-28,0.0293608238841034,39165.224235568385,0.0
2023-06-29,-0.0027757584339767,39056.51103407792,-0.002775758433976594
2023-06-30,-0.0028777318335829,38944.11686896648,-0.0056455023791516235
2023-07-05,0.0161521400812146,39573.14769997321,0.0
2023-07-06,-0.0028585649591029,39460.025286636665,-0.0028585649591028606
2023-07-07,-0.0048263070298615,39269.57908919726,-0.0076710756768069155
2023-07-10,-0.0245211254108442,38306.64481551999,-0.032004097678943966
2023-07-11,0.0068966147892405,38570.830988680886,-0.025328202823072465
2023-07-12,-0.0081839966561967,38255.16743684279,-0.03330491355205767
2023-07-13,0.0060691580065926,38487.34409258564,-0.027437888328208593
2023-07-14,-0.0106763900033985,38076.4381968582,-0.037821340734945474
2023-07-17,-0.0828751742624905,34920.84674599863,-0.11756206479318632
2023-07-18,0.0209839691380978,35653.62471639291,-0.09904501439451974
2023-07-19,-0.0246925640335749,34773.245305054326,-0.12129190306795168
2023-07-20,-0.0246719416018527,33915.32182758113,-0.14297133792053418
2023-07-21,0.0085893853679983,34206.63359663791,-0.13560998847051364
2023-07-24,0.0053551517115707,34389.815309090016,-0.13098104882080697
2023-07-25,0.0371225088468609,35666.45153214363,-0.09872088511756749
2023-07-26,-0.0038946813422433,35527.54206881736,-0.10223108007045367
2023-07-27,0.0827454777459191,38467.28551043989,-0.02794476188544559
2023-07-28,-0.0105459089684674,38061.61301918275,-0.03819596793892355
2023-07-31,-0.0048342188117839,37877.61485351858,-0.042845539083962714
2023-08-01,0.0124670446234053,38349.83676812555,-0.03091265170823121
2023-08-02,-0.0164296492030329,37719.76240303167,-0.04683441688776235
2023-08-03,0.0161075326304313,38327.334706750626,-0.03148127115557775
2023-08-04,0.0149729426731495,38901.207692129414,-0.01697969575071867
2023-08-07,0.0382367707662071,40388.664253181974,0.0
2023-08-09,0.0011900560219237,40436.72902629393,0.0
2023-08-10,-0.0281386865383855,39298.8925835854,-0.028138686538385693
2023-08-11,0.0142506631119964,39858.92786246861,-0.01428901836866181
2023-08-14,0.0187529667322465,40606.401010656504,0.0
2023-08-15,0.0146632167664158,41201.82147077976,0.0
2023-08-16,0.0553282418183824,43481.44581247289,0.0
2023-08-17,0.0186613954748677,44292.87026859848,0.0
2023-08-18,-0.0130218883590975,43716.093456856805,-0.013021888359097455
2023-08-21,0.0091890729631503,44117.80382929576,-0.003952474478197021
2023-08-22,0.0005183399793479,44140.6718508215,-0.003436183224388767
2023-08-23,0.0762084048162163,47504.56204008868,0.0
2023-08-24,-0.0085300928996951,47099.343712727394,-0.008530092899695085
2023-08-25,-0.0031178318509581,46952.49587874063,-0.011621329355318899
2023-08-28,-0.0203284710394565,45998.02342603945,-0.031713556537535714
2023-08-29,0.0356745829692181,47638.98372917172,0.0
2023-08-30,0.0145746186946728,48333.30375202611,0.0
2023-08-31,0.0459193042041879,50552.73543020881,0.0
2023-09-01,-0.0229765123369889,49391.20988092809,-0.02297651233698883
2023-09-05,-0.0122624902546114,48785.55065109974,-0.03495725333298305
2023-09-06,-0.0134533810115307,48129.22005033316,-0.047940341096308514
2023-09-07,-0.0245196105846333,46949.110316956874,-0.07128447318596576
2023-09-08,0.0323470007366369,48467.77322296392,-0.041243311355986134
2023-09-11,-0.0012816688476636,48405.65358790843,-0.04247211993631006
2023-09-12,-0.0235779753445637,47264.34628107524,-0.06504868868418401
2023-09-13,-0.0123123841445621,46682.40949332103,-0.07656016838556656
2023-09-14,0.0114140011257666,47215.242567831294,-0.0660200251079417
2023-09-15,0.0082588649674894,47605.18688060627,-0.05830641061296904
2023-09-18,0.0044995337935276,47819.388027722765,-0.054069228484373566
2023-09-19,0.0099775707783328,48296.50935634593,-0.044631137260173426
2023-09-21,0.0189156146766633,49210.06751755843,-0.02655974797850491
2023-09-22,0.0235806294755178,50370.4718861552,-0.003605414079031144
2023-09-25,-0.0019129319722536,50274.116600026675,-0.0055114491394197
2023-09-27,0.0047070566824634,50510.759716523775,-0.0008303351604580511
2023-09-28,0.0210658901441871,51574.813831811494,0.0
2023-09-29,0.0311072250668272,53179.16317345737,0.0
2023-10-02,0.0657499602359698,56675.69103749433,0.0
2023-10-03,-0.0824582048958596,52002.31529331019,-0.08245820489585964
2023-10-04,-0.0136087648942355,51294.628010527624,-0.0949448154660667
2023-10-05,-0.003555757279187,51112.236763596,-0.09816297202653912
2023-10-06,-0.0012111381600576,51050.33278320572,-0.09925522126527064
2023-10-09,0.0132518006066736,51726.84161415309,-0.08731873105997567
2023-10-10,0.0150687124559989,52506.29851669376,-0.07356579945434227
2023-10-11,0.012463896587302,53160.73159158784,-0.06201881938380138
2023-10-12,0.0003665802529201,53180.2192660201,-0.061674974005376804
2023-10-13,0.016273071067182,54045.624753504366,-0.046405544173250934
2023-10-16,-0.0017876325313048,53949.01103652031,-0.04811022064415882
2023-10-17,-0.0018780302887615,53847.693159744995,-0.04989789848135151
2023-10-18,-0.0626358900399729,50474.89497208501,-0.10940838923882079
2023-10-19,0.0128129289880843,51121.62621704335,-0.09799730217275415
2023-10-20,0.0456629771273514,53455.9918657052,-0.05680917361305948
2023-10-23,-0.0097907173111884,52932.61936075889,-0.0660436883647203
2023-10-24,-0.0255862548965427,51578.271869452845,-0.08994013261645528
2023-10-25,0.021709134579106,52697.99151482451,-0.07018352048038257
2023-10-26,0.0524551006794721,55462.269965340594,-0.021409903433748823
2023-10-27,-0.0134174171646905,54718.109552314934,-0.034540054992613034
2023-10-30,0.0120673321381424,55378.41115425398,-0.02288952917013609
2023-10-31,0.0157937259814574,56253.04260531275,-0.007457314140236537
2023-11-01,-0.0161619020259402,55343.88644206465,-0.023498691785665438
2023-11-02,0.0084451197893625,55811.272192676755,-0.015252021263326365
2023-11-03,0.0472539068572357,58448.57285045333,0.0
2023-11-06,-0.0302759849542681,56678.98473823457,-0.030275984954267976
2023-11-07,0.0093319030817742,57207.90753058514,-0.021226614429792234
2023-11-08,0.0034610114418847,57405.90475311477,-0.017839068543321512
2023-11-09,0.0045750405499924,57668.539095169275,-0.013345642455288909
2023-11-10,0.0176751795683746,58687.840879122225,0.0
2023-11-13,0.002062168039136,58808.86506886904,0.0
2023-11-14,-0.0294156000087776,57078.967017033014,-0.02941560000877763
2023-11-15,0.0037403196896509,57292.46060123175,-0.025785304067022508
2023-11-16,-0.0064194404230297,56924.675063713374,-0.03203921726680414
2023-11-17,0.0106766821829368,57532.44172773558,-0.02170460762401527
2023-11-20,0.0346693343440404,59527.05318562348,0.0
2023-11-21,0.0091844334800879,60073.77544587249,0.0
2023-11-22,0.0321999891209319,62008.15036168289,0.0
2023-11-27,-0.010603598340924,61350.64084138399,-0.010603598340923948
2023-11-28,-0.0211089625463206,60055.59246167046,-0.03148872992700957
2023-11-29,0.0455839201650988,62793.16179391094,0.0
2023-11-30,-0.0164255549948438,61761.74926156494,-0.01642555499484366
2023-12-01,0.0153480862653468,62709.67391713015,-0.0013295695645140215
2023-12-04,0.0093271443155181,63294.57609573431,0.0
2023-12-05,-0.0115895100177286,62561.02297200491,-0.011589510017728566
2023-12-06,-0.019923110220334,61314.61281583681,-0.03128172115257977
2023-12-07,-0.0538651135232479,58011.89423587777,-0.08346184121474132
2023-12-08,0.0179355202012254,59052.367736856715,-0.06702325255265429
2023-12-11,0.0112595060163363,59717.268226668755,-0.05651839525166902
2023-12-12,0.0176573362714244,60771.71611295789,-0.03985902329072466
2023-12-13,0.1231629586769528,68256.54047330562,0.0
2023-12-14,0.0226187035071646,69800.4149246961,0.0
2023-12-15,0.0021423806105039,69949.9539802359,0.0
2023-12-18,0.0165255089519979,71105.91257092814,0.0
2023-12-19,0.0028445217198276,71308.17488364431,0.0
2023-12-20,-0.0106124721249579,70551.41886541001,-0.010612472124957972
2023-12-22,-0.0113629351848895,69749.74766564037,-0.02185481847694004
2023-12-26,-0.017985045983048,68495.29524656784,-0.03944680454472904
2023-12-27,0.0102428776265509,69196.8841737729,-0.02960797570988849
2023-12-28,0.0178881170265434,70434.68613574552,-0.01224948961776251
2023-12-29,0.0395076746203073,73217.39679758003,0.0
2024-01-02,-0.0074484105601172,72672.04356608864,-0.007448410560117247
2024-01-03,0.0030337422184036,72892.51181275275,-0.004437264899289861
2024-01-04,0.0045866826532388,73226.8466322353,0.0
2024-01-05,0.0001523960565675,73238.00611489693,0.0
2024-01-08,0.0578702012126903,77476.30426518226,0.0
2024-01-09,0.0585603520893455,82013.34392153258,0.0
2024-01-10,-0.0054889348561915,81563.17801940886,-0.005488934856191396
2024-01-11,0.0303441057143684,84038.13971562964,0.0
2024-01-12,-0.0599523800218547,78999.85322706851,-0.059952380021854546
2024-01-16,-0.0070920583841838,78439.58165564018,-0.06661925262665258
2024-01-17,-0.0112544801868796,77556.78493802967,-0.0771239677547807
2024-01-18,0.0120625316762642,78492.31611305385,-0.06599174638255789
2024-01-19,-0.0314850218692375,76020.98382366724,-0.0953990166737515
2024-01-22,-0.0049005432250032,75648.4397064321,-0.09983205289392205
2024-01-23,0.0145163843792093,76746.5815348981,-0.08676486896788649
2024-01-24,0.0287452825863295,78952.68370865352,-0.060513667058604725
2024-01-25,0.0114890533027101,79859.77530017425,-0.04971985850227345
2024-01-26,0.022717497433366,81673.98954058514,-0.0281318718268202
2024-01-29,-0.1050618643188327,73093.16793309443,-0.13023814924474864
2024-01-30,-0.0187088600066321,71725.67808679292,-0.14651040194963783
2024-01-31,-0.0317106278804373,69451.2117995106,-0.17357509299323692
2024-02-01,0.053957296820438,73198.6114491159,-0.12898343898607012
2024-02-02,0.0291111743800734,75329.50899139034,-0.10362712399046181
2024-02-05,0.0049271023915047,75700.6651952927,-0.09921060304939511
2024-02-06,-0.0035755264851283,75429.9954619451,-0.10243139939571477
2024-02-07,0.0066547577243682,75931.96380689455,-0.096458297817693
2024-02-08,0.0166999807888534,77200.0261437296,-0.08136916874932054
2024-02-09,0.0070542422352948,77744.61382871856,-0.07488892434086802
2024-02-12,-0.0334326855074021,75145.40260468858,-0.10581787199279424
2024-02-13,0.0037220152583952,75425.0949397815,-0.10248971246856708
2024-02-14,-0.063788437003018,70613.8460227686,-0.1597404909043263
2024-02-15,0.0144104679658823,71631.42458882745,-0.14763195816547525
2024-02-16,0.0132308393975943,72579.16846338312,-0.1363544134963206
2024-02-20,-0.0515878257073201,68834.96697071189,-0.18090801148576863
2024-02-21,0.012494472750536,69695.02358981149,-0.17067388895509528
2024-02-22,0.0257448562418428,71489.31195290302,-0.1493230074486377
2024-02-23,0.0173653903653481,72730.75176191532,-0.13455066939816307
2024-02-26,-0.0073649052241616,72195.0966683068,-0.1409246216943596
2024-02-27,0.0786155963349441,77870.75724534468,-0.07338789853219396
2024-02-28,0.02200050676165,79583.95336665568,-0.053001962728424834
2024-02-29,0.0881030146570387,86595.53957658324,0.0
2024-03-01,0.0417771502458176,90213.25444409178,0.0
2024-03-04,0.0066065305116038,90809.25106212776,0.0
2024-03-05,-0.0478795166139128,86461.34801720164,-0.047879516613912765
2024-03-06,0.0129126463049351,87577.79282319568,-0.03558512157226423
2024-03-07,-0.0133242655014917,86410.88305958478,-0.04843524146602429
2024-03-08,-0.0095532592843347,85585.37748872825,-0.05752578633013461
2024-03-11,0.0152901376033822,86893.98968736832,-0.04311522591548289
2024-03-12,0.0116793952085149,87908.8589341717,-0.03193939046993943
2024-03-13,0.0249955879960658,90106.19255329452,-0.007742146318905796
2024-03-14,0.0623626280794188,95725.4515271481,0.0
2024-03-15,-0.0048808944759285,95258.22569958349,-0.004880894475928432
2024-03-18,0.0194047521293778,97106.68795756824,0.0
2024-03-19,0.0433016757628643,101311.5702739125,0.0
2024-03-20,-0.064595896839003,94767.25853190145,-0.06459589683900291
2024-03-21,-0.0023678305972599,94542.86571753118,-0.06681077529526991
2024-03-22,0.0123808940249926,95713.39091879902,-0.0552570583989358
2024-03-25,0.0092909561514738,96602.65983693446,-0.04647949315410593
2024-03-26,-0.0199980511909785,94670.79490033076,-0.0655480450616579
2024-03-27,0.0154833605598837,96136.61695226337,-0.05107958851745942
2024-03-28,0.0215328573598361,98206.71301215366,-0.030646620651168854
2024-04-01,-0.0582601382775136,92485.1763322855,-0.08712128257180685
2024-04-02,0.0028308163085886,92746.98487774962,-0.08453709061074766
2024-04-03,-0.0030442381570652,92464.64096743203,-0.0873239777308884
2024-04-04,0.0571529763031227,97749.27040152042,-0.0351618266577135
2024-04-05,-0.011141304687574,96660.215996989,-0.045911382721122496
2024-04-08,0.0038247512438664,97029.9172783559,-0.04226223109542615
2024-04-09,0.015073900509821,98492.53659788599,-0.027825387252460754
2024-04-10,-0.0168577113295769,96832.17784780105,-0.04421402623610182
2024-04-11,0.002154637817538,97040.8161201465,-0.04215465363155768
2024-04-12,-0.0164342914943003,95446.01906118321,-0.05789616326023583
2024-04-15,0.0227851610212986,97620.77197433419,-0.036430175641337215
2024-04-16,-0.0271765751175156,94967.77373174383,-0.06261670335399172
2024-04-17,0.1357698650971645,107861.53555988072,0.0
2024-04-18,-0.0078718089821793,107012.47015542879,-0.007871808982179429
2024-04-19,-0.0357041483981045,103191.68104055164,-0.04329490114422252
2024-04-22,0.0009316159012377,103287.81605148448,-0.0424036194613332
2024-04-23,0.0194068048587147,105292.30254187844,-0.023819733370808005
2024-04-24,-0.0190678001542112,103284.60995923317,-0.042433343609377894
2024-04-25,0.0193074062403543,105278.76788209262,-0.023945215172226475
2024-04-26,0.0620389322226318,111810.15022721195,0.0
2024-04-29,-0.0022869367010805,111554.44749110403,-0.0022869367010803776
2024-04-30,0.0049350248439633,112104.97146092722,0.0
2024-05-01,-0.0199203079072009,109871.80591149759,-0.019920307907200785
2024-05-03,0.009575565862923,110923.89062548144,-0.010535490264652836
2024-05-06,0.0322400883294412,114500.08665709221,0.0
2024-05-07,0.0146416908514405,116176.5615283885,0.0
2024-05-08,-0.0113629517551897,114856.45286465758,-0.011362951755189865
2024-05-10,0.0355796627082788,118943.00671745141,0.0
2024-05-13,-0.0158831242927527,117053.8201580044,-0.015883124292752848
2024-05-14,0.0041730224491359,117542.28837728087,-0.011776382477852954
2024-05-15,-0.0058147669530832,116858.80736323488,-0.017522672511277038
2024-05-16,-0.0026046354456042,116554.43277144559,-0.020081667782956503
2024-05-17,-0.0033276065552134,116166.58547691614,-0.023342450448815777
2024-05-20,0.0403148843921918,120849.82794065369,0.0
2024-05-21,-0.0016802086028689,120646.77502009257,-0.0016802086028689933
2024-05-22,0.0049978271097284,121249.7467429893,0.0
2024-05-23,0.0210532171683179,123802.443992773,0.0
2024-05-24,0.0309205370800474,127630.48205285204,0.0
2024-05-28,-0.0066356302961956,126783.57335942409,-0.006635630296195516
2024-05-29,0.0029570408154211,127158.47756057285,-0.003698211310396271
2024-05-31,0.054092740613761,134036.82810409766,0.0
2024-06-03,0.0664205206444595,142939.62401230374,0.0
2024-06-04,0.0001321212555147,142958.50937489106,0.0
2024-06-05,0.0213919257305842,146016.66718999375,0.0
2024-06-06,0.0015800724293395,146247.3841000447,0.0
2024-06-07,0.0007877792615699,146362.59475629756,0.0
2024-06-10,-0.052981532713419,138608.08015419586,-0.05298153271341921
2024-06-11,0.0089405909466641,139847.31830075695,-0.044514627978473165
2024-06-12,0.0005198507764375,139920.0180377583,-0.04401791816595313
2024-06-13,0.1007778066474504,154020.8505616753,0.0
2024-06-14,-0.0387832463130338,148047.42197699888,-0.03878324631303376
2024-06-17,-0.0469627224756308,141094.71198546045,-0.08392460195536167
2024-06-18,0.0048695062187302,141781.77356290363,-0.07946376710775738
2024-06-20,0.00346151442848,142272.5532177871,-0.07627731765566237
2024-06-21,-0.0164170788335028,139936.85349576696,-0.09144214575200393
2024-06-24,0.0454474862697501,146296.63172364785,-0.050150475145794626
2024-06-25,0.0146144967655866,148434.6833747893,-0.03626890233701896
2024-06-26,-0.0185147690410939,145686.44949441717,-0.05411216102796901
2024-06-27,0.0328216727294886,150468.12246084408,-0.02306653993842589
2024-06-28,0.0017499072178757,150731.42771439854,-0.02135699702527971
2024-07-01,-0.0351348558577938,145435.5007284137,-0.055741477871034895
2024-07-02,0.0917319832947873,158776.58765170156,0.0
2024-07-05,0.0027646432194287,159215.54826815685,0.0
2024-07-08,-0.0240447493124822,155387.25032339958,-0.02404474931248235
2024-07-09,-0.0028143450967611,154949.93697735274,-0.026791424186912938
2024-07-10,0.0083366356979316,156241.69815335036,-0.018678138832256663
2024-07-11,0.0149434100705921,158576.48191898156,-0.0040138438495903594
2024-07-12,0.00077297936775,158699.0582677153,-0.0032439671003214876
2024-07-15,0.0275646412547751,163073.54087633555,0.0
2024-07-16,-0.0124741582861967,161039.3357151536,-0.012474158286196468
2024-07-17,-0.0358079254418127,155272.85118866633,-0.04783540999814773
2024-07-18,0.0796811249044232,167645.16663849636,0.0
2024-07-19,0.0506943888806802,176143.83591003474,0.0
2024-07-22,0.0402757281978665,183238.1571688769,0.0
2024-07-23,0.0125957945845708,185546.18735663136,0.0
2024-07-24,-0.0266487772435007,180601.60834138366,-0.026648777243500565
2024-07-25,-0.0177345565053074,177398.71891330398,-0.04391072950298591
2024-07-26,0.0037185556228743,178058.38591700976,-0.040355458370209374
2024-07-29,0.0296114914707461,183330.96029288613,-0.011938952210790665
2024-07-30,0.0119829963023706,185527.8145121858,-9.902032861630605e-05
2024-07-31,0.0040655960077043,186282.09565418467,0.0
2024-08-01,-0.0322418714623713,180276.01227036124,-0.03224187146237156
2024-08-02,0.0427448710005697,187981.88715935498,0.0
2024-08-05,-0.0316167315911954,182038.51428903127,-0.03161673159119538
2024-08-06,-0.0100190381850496,180214.6634632198,-0.041319000535146255
2024-08-07,0.0060030831567558,181296.50707405628,-0.03556395877455687
2024-08-08,-0.0943041130387726,164199.50077740982,-0.1265142442249475
2024-08-09,-0.0119673100609817,162234.47443974813,-0.13696751909815863
2024-08-12,0.0002314604230629,162272.02529983732,-0.13676776123501222
2024-08-13,0.0659121322313498,172967.72048884915,-0.07987028376717009
2024-08-14,-0.0065508030666137,171834.6430150456,-0.08589787233395052
2024-08-15,0.0355195013128858,177938.12384321776,-0.053429420610204725
2024-08-16,0.0130411112591764,180258.63471350627,-0.04108508836971936
2024-08-19,0.0644233675413756,191871.50299016104,0.0
2024-08-20,0.0004078763921218,191949.76284655166,0.0
2024-08-21,-0.0189387135848277,188314.48126532522,-0.018938713584827682
2024-08-22,0.0356761841421645,195032.82337558313,0.0
2024-08-23,-0.0239557323074053,190360.66926764022,-0.02395573230740522
2024-08-26,0.0357267536349443,197161.63800034832,0.0
2024-08-27,-0.0117754040462447,194839.98005047478,-0.011775404046244664
2024-08-28,-0.0191732739606675,191104.25973447604,-0.030722904959135988
2024-08-29,-0.0172904198375297,187799.98685092665,-0.04748211287129356
2024-08-30,-0.0301152262217846,182144.34776246283,-0.07616740452247084
2024-09-03,-0.0516402348961222,172738.37085900825,-0.12387433675762483
2024-09-04,0.0190893895838442,176035.84091641445,-0.10714963264758703
2024-09-05,-0.0032902318333355,175456.64218882326,-0.1100873173486554
2024-09-06,-0.0173399004083971,172414.24148727732,-0.12551831463799912
2024-09-09,0.0156144243755353,175106.3906222457,-0.11186378649412343
2024-09-10,0.067585705754545,186941.07961458122,-0.051838473698159526
2024-09-11,0.0442599076803859,195215.07453999424,-0.009872932077946373
2024-09-12,-0.0138366540536589,192513.9510875251,-0.023572977785947358
2024-09-13,0.0235353472528125,197044.833777381,-0.0005924287511098747
2024-09-16,0.0281462797060315,202590.91278350764,0.0
2024-09-17,0.0024467625145772,203086.6046347003,0.0
2024-09-18,0.0198281636844976,207113.439073526,0.0
2024-09-19,-0.0204121904785266,202885.80010449447,-0.020412190478526715
2024-09-20,-0.0202378320541157,198779.83135581485,-0.04023692404988122
2024-09-23,0.0127001046492097,201304.35601618592,-0.02804783254686749
2024-09-24,-0.0023293399302018,200835.44974159388,-0.03031183954076211
2024-09-25,0.0277328288232253,206405.18489091296,-0.0034196437748378328
2024-09-26,-0.0119775821459232,203932.9498335376,-0.015356266856538126
2024-09-27,0.0872253293505582,221721.06854819876,0.0
2024-09-30,-0.0389055323998183,213094.89233207447,-0.03890553239981831
2024-10-01,0.0491522703255725,223568.99008497936,0.0
2024-10-02,0.0051600305397161,224722.61290155136,0.0
2024-10-03,-0.001867509059779,224302.9413860205,-0.001867509059778949
2024-10-04,0.0209966224122974,229012.5455522705,0.0
2024-10-07,0.0076483617748306,230764.11635162914,0.0
2024-10-08,-0.0613333519306983,216610.57959045802,-0.061333351930698554
2024-10-09,-0.0208571553100871,212092.69909013185,-0.08091126799387882
2024-10-10,0.0090930491583985,214021.2684290958,-0.0725539489728172
2024-10-11,-0.0026669232935399,213450.4901230093,-0.07502737644980306
2024-10-14,0.1548485204246216,246502.9827024676,0.0
2024-10-15,0.0265793273338129,253054.86616847766,0.0
2024-10-16,-0.0047013050398318,251865.17805080584,-0.0047013050398317935
2024-10-17,0.0013601428061443,252207.7506608499,-0.003347556679916819
2024-10-18,-0.0066490192409988,250530.81647397685,-0.009974317952140654
2024-10-21,0.0331320516989128,258831.41643756354,0.0
2024-10-22,-0.003273478316425,257984.13740824562,-0.0032734783164249937
2024-10-23,0.0510994711716665,271166.9904004855,0.0
2024-10-24,0.0474813952444942,284042.3774489509,0.0
2024-10-25,0.0085210294701783,286462.7109179729,0.0
2024-10-28,0.0121953907663367,289956.2356176018,0.0
2024-10-29,0.0227709383005014,296558.81116869586,0.0
2024-10-30,0.0043192549741107,297839.7242889526,0.0
2024-10-31,0.1226168843657525,334359.9033216186,0.0
2024-11-01,0.0267514745319196,343304.52375982195,0.0
2024-11-04,0.0003395911940981,343421.1069529849,0.0
2024-11-05,-0.0029941209723783,342392.8626142996,-0.002994120972378278
2024-11-06,-0.0349458061288564,330427.6680174761,-0.03783529513020767
2024-11-07,-0.0174463837419484,324662.9001222861,-0.05462158979432441
2024-11-08,0.0032591277562171,325721.0179914886,-0.051540480777494624
2024-11-11,-0.0057666939926153,323842.68455376854,-0.05700995658923391
2024-11-12,0.0477505382465269,339306.3470484112,-0.01198167445525411
2024-11-13,0.1144083837531277,378125.8378113978,0.0
2024-11-14,-0.0097145437465349,374452.5178182838,-0.00971454374653491
2024-11-15,0.0088923847432991,377782.29367482103,-0.0009085444638357032
2024-11-18,-0.0793936137049403,347788.792186236,-0.08023002554058034
2024-11-19,0.0719150607617772,372800.04430857423,-0.014084711940473005
2024-11-20,-0.0078018699279488,369891.5068537452,-0.02177669477788957
2024-11-21,0.0627583778941317,393105.2978207023,0.0
2024-11-22,0.0062327201914186,395555.413147783,0.0
2024-11-25,0.0508479884061438,415668.610209509,0.0
2024-11-26,-0.0077992385981093,412426.7115407405,-0.0077992385981093815
2024-11-27,0.0119075100973734,417337.6867728384,0.0
2024-12-02,-0.0123920552857476,412166.01508552337,-0.012392055285747605
2024-12-03,-0.0550111196339204,389492.3011206174,-0.06672147408383355
2024-12-04,0.0458800614781829,407362.2318413103,-0.02390259793853189
2024-12-05,0.0425738297355301,424705.20214040775,0.0
2024-12-06,-0.0315365424334431,411311.4685114028,-0.03153654243344306
2024-12-09,-0.0301680751387304,398902.99322392925,-0.060753220790425555
2024-12-10,-0.0081794389541901,395640.1905422105,-0.06843573248388979
2024-12-11,0.0496948981591786,415301.4895188837,-0.022141741080946797
2024-12-12,-0.0034531086015198,413867.408373202,-0.025518391845887334
2024-12-13,0.0034806647624469,415307.94207785185,-0.022126548050732775
2024-12-16,0.0554611892452293,438341.4144484783,0.0
2024-12-17,0.0199736410369506,447096.6885123014,0.0
2024-12-18,0.0507496443476702,469786.6864433218,0.0
2024-12-19,0.0280881980759041,482982.1479455644,0.0
2024-12-20,-0.0473264690023911,460124.3082921104,-0.047326469002391125
2024-12-26,0.0061503874528605,462954.2510645864,-0.041467157670670884
2024-12-27,0.0043534141703251,464969.68266138324,-0.03729426721215234
2024-12-30,0.0151076616291635,471994.2872948509,-0.022750034752737736
2024-12-31,0.0047263339243747,474225.08990700357,-0.018131225089395686
2025-01-02,-0.0173657914506247,465989.79589502484,-0.035182153466373545
2025-01-03,-0.0609748662700249,437576.1304071295,-0.09401179263369486
2025-01-06,0.0650543579474863,466042.3646239108,-0.03507331149548587
2025-01-07,0.0364199072195937,483015.5843039137,0.0
2025-01-08,0.0007500482652614,483377.869305015,0.0
2025-01-10,-0.0089573874079643,479048.06646521366,-0.008957387407964257
2025-01-13,0.0052475414448657,481561.8910480726,-0.003756850224759689
2025-01-14,0.0507194077240835,505986.4249445205,0.0
2025-01-15,-0.0005961112229011,505684.80075797543,-0.0005961112229011523
2025-01-16,0.0172411002209718,514403.3630880659,0.0
2025-01-17,-0.0613913155578577,482823.4639007032,-0.061391315557857706
2025-01-21,0.0569999708396825,510344.3872637577,-0.007890647914782889
2025-01-22,0.0021352719628864,511434.11132529844,-0.005772224631158007
2025-01-23,0.0107873332316211,516951.12151018245,0.0
2025-01-24,-0.0206775771434598,506261.82481575763,-0.020677577143459747
2025-01-27,0.0286218911561676,520751.99566215696,0.0
2025-01-28,-0.0153929593702898,512736.08135093196,-0.01539295937028995
2025-01-29,0.0120065801223296,518892.28819328133,-0.003571196047959302
2025-01-30,0.008468242833512,523286.39409413876,0.0
2025-01-31,-0.0588301429172844,492501.38074291014,-0.05883014291728439
2025-02-03,-0.0141612880525555,485526.92682392854,-0.07215832036981518
2025-02-04,-0.012199890245258,479603.5516055591,-0.08347788702627934
2025-02-05,0.0255326198506868,491849.0867677431,-0.06007667633097313
2025-02-06,-0.0057910222155284,489000.7777795838,-0.06551979317923362
2025-02-07,0.0705491096061365,523499.3472486417,0.0
2025-02-10,-0.0235554165867901,511168.10204128723,-0.023555416586790168
2025-02-11,0.0845183295878993,554371.1761644337,0.0
2025-02-12,-0.0396471241651018,532391.953309489,-0.03964712416510163
2025-02-13,-0.0174977570099691,523076.28827641666,-0.05645114543028584
2025-02-14,-0.0063905699100311,519733.5326879067,-0.06248096034894324
2025-02-18,-0.0130721233507692,512939.51183907926,-0.07473632487895665
2025-02-19,-0.0061594282043938,509780.09774270974,-0.08043542005599813
2025-02-20,-0.0040457739271551,507717.6427146797,-0.08415577045787093
2025-02-21,0.0308977984906175,523405.0001294093,-0.05585820000468322
2025-02-24,0.0607765911450748,555215.7718255622,0.0
2025-02-25,0.077252827395808,598107.7600138327,0.0
2025-02-26,0.0762020473944103,643684.7958893713,0.0
2025-02-27,0.1461520709141946,737760.6618245837,0.0
2025-02-28,0.0367267192872129,764856.1905525635,0.0
2025-03-03,0.0235263454573237,782850.4615166758,0.0
2025-03-04,-0.0613349638482668,734834.3567609515,-0.061334963848266866
2025-03-05,0.0725803055490856,788168.8589026271,0.0
2025-03-06,-0.0430154660278929,754265.4081282581,-0.04301546602789286
2025-03-07,0.0295798627842233,776576.475403578,-0.014707994826374193
2025-03-11,-0.0005846054086599,776122.484595819,-0.015284001861708085
2025-03-12,0.0159039510797512,788465.898622726,0.0
2025-03-13,0.0055237415201152,792821.1804441434,0.0
2025-03-14,-0.0328125347493352,766806.7079108108,-0.03281253474933532
2025-03-17,0.0283148630251063,788518.7348120381,-0.005426754151163005
2025-03-18,0.0136166454342017,799255.714842199,0.0
2025-03-19,-0.0299464079941914,775320.8771138454,-0.02994640799419135
2025-03-21,-0.013477571203704,764871.4347868254,-0.04302037435185835
2025-03-24,0.0370419080693758,793203.7321590906,-0.007572023034334241
2025-03-25,-0.0090228016538129,786046.812212755,-0.016526503826190253
2025-03-26,0.1059951220705981,869363.9400264504,0.0
2025-03-27,0.0120768057532785,879863.0794590547,0.0
2025-03-28,0.0728711308927098,943979.6970899781,0.0
2025-03-31,-0.0361043166367839,909897.9552075462,-0.03610431663678393
2025-04-01,-0.0157445921907238,895571.98296763,-0.051280461085736695
2025-04-02,0.1581908299514601,1037243.2582345543,0.0
2025-04-03,-0.0113326156711572,1025488.5790314833,-0.011332615671157176
2025-04-04,0.0360963048307492,1062504.9273806557,0.0
2025-04-07,0.0300449892442732,1094427.8764957946,0.0
2025-04-08,0.0331483148856526,1130706.3163655133,0.0
2025-04-09,0.2141184452414681,1372811.3948504045,0.0
2025-04-10,-0.0020048105232824,1370059.1681195267,-0.0020048105232821634
2025-04-11,0.0792183486753355,1478592.9930054592,0.0
2025-04-14,0.0188525333040064,1506468.2166491654,0.0
2025-04-15,-0.0195420868957342,1477028.6838537455,-0.019542086895734334
2025-04-16,-0.0034535226313279,1471927.7318669362,-0.022928120487704318
2025-04-17,0.0092077491957325,1485480.8732562102,-0.013931487674952225
2025-04-21,-0.0320342953949783,1437894.5401587305,-0.04551949767845964
2025-04-22,0.006402102129629,1447100.0878564627,-0.03940881602185753
2025-04-23,-0.0321725173330166,1400543.2351972908,-0.0703134525383372
2025-04-24,0.1366364156042579,1591908.4427534398,0.0
2025-04-25,0.1536265722635083,1836467.88017099,0.0
2025-04-28,-0.0278448183850218,1785331.7655777028,-0.02784481838502184
2025-04-29,-0.0445522958276717,1705791.1366071454,-0.07115656362673628
2025-04-30,0.0339688095165071,1763734.8308014998,-0.039604857865914944
2025-05-01,0.0393130132451999,1833072.56156582,-0.0018488309225718202
2025-05-02,0.0080367318209787,1847804.474151519,0.0
2025-05-05,0.0140660063246844,1873795.7035717145,0.0
2025-05-06,-0.0266761261836071,1823810.0929409345,-0.02667612618360715
2025-05-07,-0.0168437843548197,1793090.2290312937,-0.04307058362156824
2025-05-08,-0.0185595272129928,1759811.3221302358,-0.06083074116575704
2025-05-09,-0.0201208772931766,1724402.3744585107,-0.07972765058028441
2025-05-12,0.0029062214746583,1729413.8696701138,-0.07705313531586655
2025-05-13,0.0942676564454985,1892441.662188256,0.0
2025-05-14,0.042902205859456,1973631.5839564675,0.0
2025-05-15,-0.0191370785951073,1935862.0412165064,-0.01913707859510727
2025-05-16,0.0218740786340834,1978207.2397308135,0.0
2025-05-19,0.0187349326523792,2015268.8191396191,0.0
2025-05-20,0.069098649263227,2154521.1724444656,0.0
2025-05-21,-0.0421359407329608,2063738.3960144364,-0.042135940732960786
2025-05-22,0.0034132018870524,2070782.3518020953,-0.038866557318330885
2025-05-23,-0.0182940986209774,2032899.2552356482,-0.056449627306668915
2025-05-27,-0.0276418697664923,1976706.118774025,-0.08253112382678329
2025-05-28,0.015899326363206,2008134.4144805593,-0.06794398673642155
2025-05-29,0.0036906090453396,2015545.653514899,-0.06450413238310782
2025-05-30,-0.0347540115358873,1945497.3566215346,-0.09701636655804025
2025-06-02,0.0124580256024619,1969734.412499848,-0.08576697333401606
2025-06-03,0.054614808227419,2077311.0796974748,-0.0358363119074806
2025-06-04,0.0069953245094821,2091842.5448071011,-0.02909167402901447
2025-06-05,0.0677124849412853,2233486.4016218917,0.0
2025-06-06,0.0023433151502915,2238720.1641447823,0.0
2025-06-09,0.0586904257155321,2370111.6036363854,0.0
2025-06-10,-0.0612736835456671,2224886.135267256,-0.0612736835456672
2025-06-11,0.0251087500265403,2280750.245075197,-0.0377034391224802
2025-06-12,-0.0043845216038137,2270750.246352761,-0.04192264918292343
2025-06-13,-0.0102735342913086,2247421.6158298585,-0.05176548970026884
2025-06-16,0.0036791969809393,2255690.322653718,-0.0482767481527514
2025-06-17,-0.0038536390510246,2246997.7063393206,-0.051944346041838285
2025-06-18,-0.0543538868671056,2124864.6472183075,-0.10347485580080007
2025-06-20,0.0251124265183647,2178225.1545330477,-0.08096093399523152
2025-06-23,0.0523866545623253,2292335.083262538,-0.032815551915157615
2025-06-24,0.0065069406905547,2307251.1716922056,-0.026522140074642486
2025-06-25,0.0217918907199677,2357530.5370892393,-0.005308216932841225
2025-06-26,-0.0015313098860292,2353920.427271179,-0.00683139829380397
2025-06-27,0.0206036571019716,2402419.796600001,0.0
2025-06-30,0.0032725361092245,2410281.8021338903,0.0
2025-07-01,-0.0071885446779875,2392955.3837127103,-0.007188544677987574
2025-07-02,-0.0650790467751454,2237224.128365235,-0.07179976781778896
2025-07-07,-0.0119917439721223,2210395.9094096245,-0.0829305073569826
2025-07-08,0.0192397231972289,2252923.314862953,-0.06528634416590762
2025-07-09,0.0033689424811709,2260513.2839252152,-0.062137347623037575
2025-07-10,0.0192687856800773,2304070.629920138,-0.04406587317703703
2025-07-11,0.0382659414815007,2392238.0618139068,-0.007486153819859953
2025-07-14,-0.015788822852728,2354467.438834374,-0.02315677911607783
2025-07-15,0.0007541817114302,2356243.1351169003,-0.02242006182395273
2025-07-16,0.0019674779184763,2360878.9914558046,-0.020496694882045752
2025-07-17,-0.0046350052755817,2349936.304875397,-0.025036697868717095
2025-07-18,0.0167586551886844,2389318.077124175,-0.008697624066677734
2025-07-21,0.0292089991207299,2459107.666738039,0.0
2025-07-22,-0.0223475693143086,2404152.587704263,-0.02234756931430848
2025-07-23,-0.018396022264674,2359925.743173182,-0.04033248519631505
2025-07-24,0.0049551866590266,2371619.6157320472,-0.035577153529858685
2025-07-25,-0.0132585434042518,2340175.3941184888,-0.04836399569983518
2025-07-28,0.0754266052955498,2516686.8798930217,0.0
2025-07-29,0.0064181869388487,2532839.446754723,0.0
2025-07-30,0.0588397867576272,2681871.179693077,0.0
2025-07-31,0.0023900109782632,2688280.881254832,0.0
2025-08-01,-0.0005140304357459,2686899.023062033,-0.000514030435745827
2025-08-04,-0.0268847009930996,2614662.546228359,-0.02738491187427905
2025-08-05,0.0139059253285892,2651021.848355669,-0.013859799085343738
2025-08-06,0.0180597206232401,2698898.562303078,0.0
2025-08-07,-0.0136431524458597,2662077.077781665,-0.013643152445859785
2025-08-08,-0.0088794887023798,2638439.194444639,-0.022401496930231524
2025-08-11,-0.0167795713239002,2594167.315797681,-0.03880518073862904
2025-08-12,-0.0313721866625017,2512782.614532715,-0.06895996402752635
2025-08-13,-0.0143725283795619,2476667.575093674,-0.082341363367049
2025-08-14,0.0198732381418421,2525886.9796116888,-0.06410451474832435
2025-08-15,-0.0046326075520315,2514185.5365143614,-0.06844015124121361
2025-08-18,-0.0193411507645518,2465558.2950025816,-0.08645759072226034
2025-08-19,0.0010694367627292,2468195.0536839096,-0.08548061488546643
2025-08-20,-0.0309662602538532,2391764.2832942605,-0.11379986017211685
2025-08-21,0.0091336683579796,2413609.865048331,-0.10570560199613377
2025-08-22,0.0078918797187417,2432657.783791261,-0.0986479381739428
2025-08-25,0.0251565822694225,2493855.1394625567,-0.07597300087690195
2025-08-26,0.0407323221207478,2595435.650325628,-0.038335235500352005
2025-08-27,-0.011098122959159,2566631.186345729,-0.049007909302259844
2025-08-28,-0.0030588461123391,2558780.256519567,-0.05191684776175587
2025-08-29,0.0239072798396137,2619953.732160259,-0.029250758529973053
2025-09-02,0.0047773518842127,2632470.173059145,-0.024613147812138192
2025-09-03,-0.0379130817059035,2532665.1162995994,-0.061593069234000764
2025-09-04,0.0029012310302435,2540012.962924223,-0.058870533927466884
2025-09-05,-0.0339030282972896,2453898.8315667207,-0.090777672847137
2025-09-08,0.0148504521133177,2490340.3386558285,-0.07727531021739409
2025-09-09,-0.019573331801129,2441596.080909582,-0.09533610673160298
2025-09-10,-0.0130790645897357,2409662.28806532,-0.1071682642236621
2025-09-11,-0.0047177698804248,2398294.0559006897,-0.11138043889499516
2025-09-12,0.0526409645068955,2524542.5681744562,-0.06460264811873351
2025-09-15,-0.0093968373203581,2500819.852353002,-0.07339242486425557
2025-09-16,0.0268628037695459,2567998.8853097456,-0.04850114740200917
2025-09-17,0.0219550395985555,2624379.4025257677,-0.027610952415240142
2025-09-18,-0.0215997792895967,2567693.3866590476,-0.04861434122669206
2025-09-19,0.0027087059905616,2574648.513117416,-0.04603731719343851
2025-09-22,-0.0034767347299158,2565697.1432145345,-0.049353992383795786
2025-09-23,-0.0293210378008523,2490468.2402928025,-0.07722791990833977
2025-09-24,0.046920171145324,2607321.4363593343,-0.03393129598231259
2025-09-25,-0.0158464146369949,2566004.739786859,-0.049240021234001174
2025-09-26,-0.016191901582902,2524456.2435789704,-0.06463463323914209
2025-09-29,0.0930497830404743,2759356.3493391643,0.0
2025-09-30,0.0081629612516853,2781880.8682984123,0.0
2025-10-01,0.0375503948419869,2886341.593306387,0.0
2025-10-02,0.02860809194961,2968914.31900568,0.0
2025-10-03,0.0235947171588706,3038965.0126315397,0.0
2025-10-06,0.0156705515271132,3086587.2704510763,0.0
2025-10-07,-0.0111739362034408,3052097.9412047034,-0.01117393620344087
2025-10-08,-0.0306522649282921,2958544.226523802,-0.0414836946789332
2025-10-09,-0.0187452364718534,2903085.6153851766,-0.05945130948430388
2025-10-10,0.0320668240725204,2996178.3510811976,-0.029290900093897676
2025-10-13,-0.0163088743915871,2947314.054698622,-0.04512207287503678
2025-10-14,0.0104448660554746,2978098.3552233665,-0.03514850082688736
2025-10-15,-0.0319616816779156,2882913.3235881934,-0.06598677730991809
2025-10-16,0.0244750461294679,2953472.7601702716,-0.04312676059904541
2025-10-17,0.0197301672679113,3011745.2717496506,-0.02424749153147654
2025-10-20,0.0015353267660484,3016369.284877888,-0.02274939258818587
2025-10-21,0.0195826106789322,3075437.6702475413,-0.0036122744074901236
2025-10-22,0.0656769747300046,3277423.112400093,0.0
2025-10-23,0.0558567592602306,3460489.346183341,0.0
2025-10-24,-0.0437563948825267,3309070.8078649663,-0.043756394882526584
2025-10-27,0.0135124611799706,3353784.4986980157,-0.030835190289781655
2025-10-28,0.0042233229525743,3367948.6137493546,-0.026742094304105235
2025-10-29,0.0142483504325961,3415936.3258370315,-0.012874774602455563
2025-10-30,0.0133297566272014,3461469.925714456,0.0
2025-10-31,0.0302390178479847,3566141.3765783976,0.0
2025-11-03,-0.0093599193586764,3532762.580871985,-0.009359919358676305
2025-11-04,-0.0014948161527978,3527481.7503020978,-0.010840744152827875
2025-11-05,-0.0063834218132735,3504964.3463512957,-0.01715496492340396
2025-11-06,-0.0214515322249607,3429777.4907282023,-0.0382384968654923
2025-11-07,-0.0213330927324608,3356609.7294667913,-0.05875584419837143
2025-11-10,-0.0072392068956107,3332310.537167361,-0.06556970538150397
2025-11-11,0.0278749157605066,3425198.4126787493,-0.03952253963494812
2025-11-12,0.01251395438933,3468061.1893894165,-0.027503168503960396
2025-11-13,0.005070607408324,3485646.3661488555,-0.022572018865605004
2025-11-14,0.0231004233782727,3566166.2729538325,0.0
2025-11-17,0.0550465809678044,3762471.533442639,0.0
2025-11-18,0.0210121326453492,3841529.084377686,0.0
2025-11-19,-0.0124845410884785,3793569.3566811876,-0.012484541088478518
2025-11-20,-0.0473026261560783,3614123.563604943,-0.059196615664718344
2025-11-21,-0.0034146363691785,3601782.6458419524,-0.06240911711711583
2025-11-24,-0.0077114466483827,3574007.691129471,-0.06963929918847733
2025-11-25,-0.0095128514782291,3540008.6867817077,-0.07848968235647857
2025-11-26,0.0210054721850119,3614368.2407866013,-0.059132923011016025
2025-12-01,-0.006142664181368,3592166.390455648,-0.06491235350426461
2025-12-02,0.0021474410012695,3599880.355845894,-0.0629043079523991
2025-12-03,0.0317039963697544,3714010.949579182,-0.03319462953360963
2025-12-05,-0.0102713010289526,3675863.225091228,-0.04312497853007813
2025-12-08,-0.0108639761828862,3635928.73456229,-0.05352044597332595
2025-12-09,0.0144834322077635,3688589.4619015823,-0.03981217351654631
2025-12-10,0.0104362452905423,3727084.4863020964,-0.029791417834372336
2025-12-11,0.0281192909079174,3831887.4592108107,-0.002509840471099034
2025-12-12,0.0305592796509878,3948987.1796679464,0.0
2025-12-15,0.0221242539088474,4036355.5747137032,0.0
2025-12-16,0.02695215562325,4145144.058314159,0.0
2025-12-17,-0.0006019041241191,4142649.0790103916,-0.0006019041241192014
2025-12-18,0.0476805903624709,4340173.032762153,0.0
2025-12-19,0.0030259247874875,4353306.069923974,0.0
2025-12-22,0.0131659807115785,4410621.61367219,0.0
2025-12-23,-0.0133846525463579,4351586.975859731,-0.0133846525463579
2025-12-26,0.0099538010089298,4394901.806690489,-0.003564079705448475
2025-12-29,0.0001847538774071,4395713.781840099,-0.00337998430558617
2025-12-30,0.0407845655949862,4574991.0589123415,0.0
2025-12-31,0.0035715370301788,4591330.808891984,0.0
2026-01-02,0.0100789251400822,4637606.4884081585,0.0
2026-01-05,-0.0161211842145921,4562842.779893744,-0.016121184214591966
2026-01-06,-0.0059130058704276,4535862.663750393,-0.021938865428120513
2026-01-07,0.0261903610376554,4654658.544531237,0.0
2026-01-08,0.0757891881206181,5007431.336599958,0.0
2026-01-09,0.0419388426876159,5217437.2116946615,0.0
2026-01-12,0.0503290761075738,5480026.006208531,0.0
2026-01-13,0.0027234075418957,5494950.350363623,0.0
2026-01-14,0.0108983986003355,5554836.5095709395,0.0
2026-01-15,0.0298848276674941,5720841.841380571,0.0
2026-01-16,0.0082479155140688,5768026.861557629,0.0
2026-01-20,0.0033416306783003,5787301.477071471,0.0
2026-01-21,0.0037113604737108,5808780.239022922,0.0
2026-01-22,0.0528564488498512,6115811.734606864,0.0
2026-01-23,0.0051950796260908,6147583.863546328,0.0
2026-01-26,-0.0052018945320431,6115604.78066127,-0.0052018945320430054
2026-01-27,-0.0014521864327348,6106723.782370825,-0.006646526844113931
2026-01-28,0.0026515480622246,6122916.053982511,-0.004012602367263418
2026-01-29,0.0110855073224205,6190791.6847335,0.0
2026-01-30,0.0552088481146628,6532578.16256547,0.0
2026-02-02,-0.0041911524384608,6505199.131669998,-0.004191152438460688
2026-02-03,0.0138553234043053,6595330.769448692,0.0
2026-02-04,0.0491025106105477,6919178.068535618,0.0
2026-02-05,-0.0123523614025558,6833709.880424427,-0.012352361402555911
2026-02-06,0.0166916912608144,6947776.055914449,0.0
2026-02-09,0.039124609839067,7219605.083351313,0.0
2026-02-10,-0.0029562259214737,7198262.299661106,-0.0029562259214737097
2026-02-11,0.0051210169433014,7235124.722859998,0.0
2026-02-12,0.0250779869687615,7416567.086377244,0.0
2026-02-13,-0.000405107924126,7413562.576280741,-0.0004051079241259581
2026-02-17,-0.0374940567198759,7135598.040549321,-0.03788397550451705
2026-02-18,0.0025776616675168,7153991.198093252,-0.0354039659084715
2026-02-19,-0.0175279090445325,7028596.691067688,-0.05231131745874462
2026-02-20,0.010327556597171,7101184.921193378,-0.04252400895330144
2026-02-23,-0.0224741250975058,6941592.002933957,-0.06404244415394322
2026-02-24,0.0213718184478288,7089946.446959562,-0.044039329195527666
2026-02-25,-0.0035012535622167,7065122.746706218,-0.04738638989952093
2026-02-26,0.0054012957717157,7103283.5643246565,-0.04224104203520618
2026-02-27,0.0026464884697416,7122082.322374947,-0.039706343996160576
2026-03-02,-0.0257164388227127,6938927.728041268,-0.06440167705262245
2026-03-03,-0.0133341449326196,6846403.060038594,-0.0768770806895186
2026-03-04,-0.0072549911031406,6796732.466749499,-0.08357432925622132
2026-03-05,-0.0486614717762706,6465993.461647906,-0.1281689511681695
2026-03-06,-0.0350191958223698,6239559.570428296,-0.1586997733912333
2026-03-09,-0.0294189793255182,6055998.096425527,-0.18344996736439045
2026-03-10,0.0020579792513709,6068461.214854312,-0.1817695243395201
2026-03-11,-9.44456562077217e-06,6068403.900874151,-0.18177725217094043
2026-03-12,0.0143354539231076,6155397.22538194,-0.17004765767059837
2026-03-13,0.0019704787393537,6167526.304746831,-0.16841225422536155
2026-03-16,0.0030692110130277,6186455.744404498,-0.16585993595773119
2026-03-17,0.0233505380213388,6330912.814481545,-0.14638231667719015
2026-03-18,-0.0025591421712658,6314711.108515399,-0.1485668456887197
2026-03-19,0.0447967815028563,6597589.8422972215,-0.1104253807107497
2026-03-20,-0.0029872123070847,6577881.440723214,-0.11308272896156069
2026-03-23,-0.0417461753089906,6303280.048937027,-0.15010813284290292
2026-03-24,0.0580090580669429,6668927.387308019,-0.10080670617036425
2026-03-25,-0.0154991597189713,6565564.61657791,-0.11474344664965763
2026-03-26,0.0075861252785963,6615371.812283989,-0.10802777953224363
2026-03-27,0.0502141137631078,6947556.845051275,-0.06323818498014377
2026-03-30,0.0477764498136081,7279486.445986056,-0.018483031137543238
2026-03-31,0.0432993358276967,7594683.374263973,0.0
2026-04-01,0.0032197369961135,7619136.2572978595,0.0
2026-04-02,0.0720257952574297,8167910.605404454,0.0
2026-04-06,-0.0475758327738257,7779315.456330175,-0.04757583277382571
2026-04-07,0.0075510569299637,7838057.51021707,-0.040384023665627655
2026-04-08,0.0336617087648564,8101899.919408191,-0.008081710144156817
2026-04-09,0.0175130355140967,8243788.780428443,0.0
2026-04-10,0.0077191438448517,8307423.771851145,0.0
2026-04-13,0.0392001735408204,8633076.225384848,0.0
2026-04-14,0.0216502047145031,8819984.09298034,0.0
2026-04-15,0.0465771265198518,9230793.607982164,0.0
2026-04-16,0.027968836681287,9488968.166842485,0.0
2026-04-17,0.0168120383145957,9648497.063229421,0.0
2026-04-20,-0.0136387016130999,9516904.090769164,-0.01363870161309988
2026-04-21,-0.0244010089863958,9284682.02852764,-0.037706912518871594
2026-04-22,0.0023788752015333,9306769.128359426,-0.035417737356455814
2026-04-23,0.0088655481386742,9389278.738082422,-0.026866186873278353
2026-04-24,0.0057080298651156,9442873.021531291,-0.021311510005197265
2026-04-27,-0.0220300817013417,9234845.757371562,-0.042872097399945464
2026-04-28,-0.0105453172040329,9137461.379529761,-0.052965314737693725
2026-04-29,0.0172297070345253,9294897.162138348,-0.03664818455909036
2026-04-30,0.0403523040800668,9669967.678817905,0.0
2026-05-01,0.0174261835744387,9838478.310747875,0.0
2026-05-04,-0.0163517201059605,9677602.267141962,-0.016351720105960532
2026-05-05,-0.0082947128865144,9597329.33490614,-0.024510800168995206
2026-05-06,0.0383328492652031,9965222.313649608,0.0
2026-05-07,-0.0141621358577808,9824093.481390713,-0.014162135857780811
2026-05-08,0.0434490969983819,10250941.47198483,0.0
2026-05-11,0.1857593898902808,12155150.105621709,0.0
2026-05-12,0.0140204695111953,12325571.017081581,0.0
2026-05-13,-0.0204396274251912,12073640.9376897,-0.02043962742519112
2026-05-14,-0.0290659656264163,11722708.905209117,-0.0489114955434502
2026-05-15,0.0050293492634604,11781666.50260729,-0.044128139274076106
